{
  "blocks.0.cross_attn.k": 1.4697265625,
  "blocks.0.cross_attn.o": 1.2099609375,
  "blocks.0.cross_attn.q": 57.78125,
  "blocks.0.cross_attn.v": 1.4697265625,
  "blocks.0.ffn.0": 6.03125,
  "blocks.0.ffn.2": 8.03125,
  "blocks.0.self_attn.k": 38.0,
  "blocks.0.self_attn.o": 10.671875,
  "blocks.0.self_attn.q": 38.0,
  "blocks.0.self_attn.v": 38.0,
  "blocks.1.cross_attn.k": 1.4697265625,
  "blocks.1.cross_attn.o": 1.8037109375,
  "blocks.1.cross_attn.q": 48.90625,
  "blocks.1.cross_attn.v": 1.4697265625,
  "blocks.1.ffn.0": 11.8125,
  "blocks.1.ffn.2": 10.125,
  "blocks.1.self_attn.k": 11.421875,
  "blocks.1.self_attn.o": 6.1015625,
  "blocks.1.self_attn.q": 11.421875,
  "blocks.1.self_attn.v": 11.421875,
  "blocks.10.cross_attn.k": 1.4697265625,
  "blocks.10.cross_attn.o": 3.923828125,
  "blocks.10.cross_attn.q": 36.8125,
  "blocks.10.cross_attn.v": 1.4697265625,
  "blocks.10.ffn.0": 5.6015625,
  "blocks.10.ffn.2": 12.90625,
  "blocks.10.self_attn.k": 8.1171875,
  "blocks.10.self_attn.o": 13.2109375,
  "blocks.10.self_attn.q": 8.1171875,
  "blocks.10.self_attn.v": 8.1171875,
  "blocks.11.cross_attn.k": 1.4697265625,
  "blocks.11.cross_attn.o": 3.8203125,
  "blocks.11.cross_attn.q": 37.90625,
  "blocks.11.cross_attn.v": 1.4697265625,
  "blocks.11.ffn.0": 5.40234375,
  "blocks.11.ffn.2": 11.5703125,
  "blocks.11.self_attn.k": 7.8203125,
  "blocks.11.self_attn.o": 12.8125,
  "blocks.11.self_attn.q": 7.8203125,
  "blocks.11.self_attn.v": 7.8203125,
  "blocks.12.cross_attn.k": 1.4697265625,
  "blocks.12.cross_attn.o": 2.90625,
  "blocks.12.cross_attn.q": 47.5,
  "blocks.12.cross_attn.v": 1.4697265625,
  "blocks.12.ffn.0": 4.8359375,
  "blocks.12.ffn.2": 11.5078125,
  "blocks.12.self_attn.k": 7.19140625,
  "blocks.12.self_attn.o": 13.1328125,
  "blocks.12.self_attn.q": 7.19140625,
  "blocks.12.self_attn.v": 7.19140625,
  "blocks.13.cross_attn.k": 1.4697265625,
  "blocks.13.cross_attn.o": 3.205078125,
  "blocks.13.cross_attn.q": 43.5625,
  "blocks.13.cross_attn.v": 1.4697265625,
  "blocks.13.ffn.0": 4.86328125,
  "blocks.13.ffn.2": 17.609375,
  "blocks.13.self_attn.k": 7.3125,
  "blocks.13.self_attn.o": 9.9140625,
  "blocks.13.self_attn.q": 7.3125,
  "blocks.13.self_attn.v": 7.3125,
  "blocks.14.cross_attn.k": 1.4697265625,
  "blocks.14.cross_attn.o": 3.767578125,
  "blocks.14.cross_attn.q": 46.71875,
  "blocks.14.cross_attn.v": 1.4697265625,
  "blocks.14.ffn.0": 5.29296875,
  "blocks.14.ffn.2": 14.328125,
  "blocks.14.self_attn.k": 8.640625,
  "blocks.14.self_attn.o": 13.671875,
  "blocks.14.self_attn.q": 8.640625,
  "blocks.14.self_attn.v": 8.640625,
  "blocks.15.cross_attn.k": 1.4697265625,
  "blocks.15.cross_attn.o": 3.39453125,
  "blocks.15.cross_attn.q": 52.625,
  "blocks.15.cross_attn.v": 1.4697265625,
  "blocks.15.ffn.0": 5.7890625,
  "blocks.15.ffn.2": 35.4375,
  "blocks.15.self_attn.k": 10.046875,
  "blocks.15.self_attn.o": 16.515625,
  "blocks.15.self_attn.q": 10.046875,
  "blocks.15.self_attn.v": 10.046875,
  "blocks.16.cross_attn.k": 1.4697265625,
  "blocks.16.cross_attn.o": 2.548828125,
  "blocks.16.cross_attn.q": 47.59375,
  "blocks.16.cross_attn.v": 1.4697265625,
  "blocks.16.ffn.0": 5.140625,
  "blocks.16.ffn.2": 28.640625,
  "blocks.16.self_attn.k": 12.5625,
  "blocks.16.self_attn.o": 19.578125,
  "blocks.16.self_attn.q": 12.5625,
  "blocks.16.self_attn.v": 12.5625,
  "blocks.17.cross_attn.k": 1.4697265625,
  "blocks.17.cross_attn.o": 2.017578125,
  "blocks.17.cross_attn.q": 50.125,
  "blocks.17.cross_attn.v": 1.4697265625,
  "blocks.17.ffn.0": 5.24609375,
  "blocks.17.ffn.2": 11.265625,
  "blocks.17.self_attn.k": 9.6640625,
  "blocks.17.self_attn.o": 12.8984375,
  "blocks.17.self_attn.q": 9.6640625,
  "blocks.17.self_attn.v": 9.6640625,
  "blocks.18.cross_attn.k": 1.4697265625,
  "blocks.18.cross_attn.o": 2.337890625,
  "blocks.18.cross_attn.q": 51.40625,
  "blocks.18.cross_attn.v": 1.4697265625,
  "blocks.18.ffn.0": 5.3125,
  "blocks.18.ffn.2": 11.9296875,
  "blocks.18.self_attn.k": 10.828125,
  "blocks.18.self_attn.o": 11.640625,
  "blocks.18.self_attn.q": 10.828125,
  "blocks.18.self_attn.v": 10.828125,
  "blocks.19.cross_attn.k": 1.4697265625,
  "blocks.19.cross_attn.o": 1.7607421875,
  "blocks.19.cross_attn.q": 57.5,
  "blocks.19.cross_attn.v": 1.4697265625,
  "blocks.19.ffn.0": 5.98046875,
  "blocks.19.ffn.2": 10.3125,
  "blocks.19.self_attn.k": 10.0625,
  "blocks.19.self_attn.o": 10.9921875,
  "blocks.19.self_attn.q": 10.0625,
  "blocks.19.self_attn.v": 10.0625,
  "blocks.2.cross_attn.k": 1.4697265625,
  "blocks.2.cross_attn.o": 2.05859375,
  "blocks.2.cross_attn.q": 42.53125,
  "blocks.2.cross_attn.v": 1.4697265625,
  "blocks.2.ffn.0": 11.7265625,
  "blocks.2.ffn.2": 15.3125,
  "blocks.2.self_attn.k": 10.1796875,
  "blocks.2.self_attn.o": 7.70703125,
  "blocks.2.self_attn.q": 10.1796875,
  "blocks.2.self_attn.v": 10.1796875,
  "blocks.20.cross_attn.k": 1.4697265625,
  "blocks.20.cross_attn.o": 1.939453125,
  "blocks.20.cross_attn.q": 67.125,
  "blocks.20.cross_attn.v": 1.4697265625,
  "blocks.20.ffn.0": 6.5,
  "blocks.20.ffn.2": 12.28125,
  "blocks.20.self_attn.k": 11.3671875,
  "blocks.20.self_attn.o": 11.3828125,
  "blocks.20.self_attn.q": 11.3671875,
  "blocks.20.self_attn.v": 11.3671875,
  "blocks.21.cross_attn.k": 1.4697265625,
  "blocks.21.cross_attn.o": 2.568359375,
  "blocks.21.cross_attn.q": 51.21875,
  "blocks.21.cross_attn.v": 1.4697265625,
  "blocks.21.ffn.0": 6.96875,
  "blocks.21.ffn.2": 11.9765625,
  "blocks.21.self_attn.k": 11.828125,
  "blocks.21.self_attn.o": 11.25,
  "blocks.21.self_attn.q": 11.828125,
  "blocks.21.self_attn.v": 11.828125,
  "blocks.22.cross_attn.k": 1.4697265625,
  "blocks.22.cross_attn.o": 2.939453125,
  "blocks.22.cross_attn.q": 56.46875,
  "blocks.22.cross_attn.v": 1.4697265625,
  "blocks.22.ffn.0": 6.83203125,
  "blocks.22.ffn.2": 27.078125,
  "blocks.22.self_attn.k": 12.7421875,
  "blocks.22.self_attn.o": 10.0,
  "blocks.22.self_attn.q": 12.7421875,
  "blocks.22.self_attn.v": 12.7421875,
  "blocks.23.cross_attn.k": 1.4697265625,
  "blocks.23.cross_attn.o": 1.8876953125,
  "blocks.23.cross_attn.q": 57.28125,
  "blocks.23.cross_attn.v": 1.4697265625,
  "blocks.23.ffn.0": 7.4140625,
  "blocks.23.ffn.2": 16.546875,
  "blocks.23.self_attn.k": 12.1875,
  "blocks.23.self_attn.o": 12.1484375,
  "blocks.23.self_attn.q": 12.1875,
  "blocks.23.self_attn.v": 12.1875,
  "blocks.24.cross_attn.k": 1.4697265625,
  "blocks.24.cross_attn.o": 1.8662109375,
  "blocks.24.cross_attn.q": 60.3125,
  "blocks.24.cross_attn.v": 1.4697265625,
  "blocks.24.ffn.0": 7.1796875,
  "blocks.24.ffn.2": 13.5,
  "blocks.24.self_attn.k": 11.1640625,
  "blocks.24.self_attn.o": 12.1796875,
  "blocks.24.self_attn.q": 11.1640625,
  "blocks.24.self_attn.v": 11.1640625,
  "blocks.25.cross_attn.k": 1.4697265625,
  "blocks.25.cross_attn.o": 1.71484375,
  "blocks.25.cross_attn.q": 60.03125,
  "blocks.25.cross_attn.v": 1.4697265625,
  "blocks.25.ffn.0": 9.5703125,
  "blocks.25.ffn.2": 14.0234375,
  "blocks.25.self_attn.k": 11.4140625,
  "blocks.25.self_attn.o": 10.796875,
  "blocks.25.self_attn.q": 11.4140625,
  "blocks.25.self_attn.v": 11.4140625,
  "blocks.26.cross_attn.k": 1.4697265625,
  "blocks.26.cross_attn.o": 1.728515625,
  "blocks.26.cross_attn.q": 62.59375,
  "blocks.26.cross_attn.v": 1.4697265625,
  "blocks.26.ffn.0": 7.26171875,
  "blocks.26.ffn.2": 18.796875,
  "blocks.26.self_attn.k": 12.3984375,
  "blocks.26.self_attn.o": 13.59375,
  "blocks.26.self_attn.q": 12.3984375,
  "blocks.26.self_attn.v": 12.3984375,
  "blocks.27.cross_attn.k": 1.4697265625,
  "blocks.27.cross_attn.o": 2.2265625,
  "blocks.27.cross_attn.q": 66.375,
  "blocks.27.cross_attn.v": 1.4697265625,
  "blocks.27.ffn.0": 6.90234375,
  "blocks.27.ffn.2": 15.3984375,
  "blocks.27.self_attn.k": 13.203125,
  "blocks.27.self_attn.o": 11.4453125,
  "blocks.27.self_attn.q": 13.203125,
  "blocks.27.self_attn.v": 13.203125,
  "blocks.28.cross_attn.k": 1.4697265625,
  "blocks.28.cross_attn.o": 0.90771484375,
  "blocks.28.cross_attn.q": 69.25,